{
  "body": {
    "generated_at": "2026-01-07T05:43:24.749320+00:00",
    "informational": {
      "notes": [
        "Summary generated from supervisor job store"
      ],
      "orphaned_artifact_dirs_count": 0
    },
    "jobs": {
      "counts_by_status": {
        "QUEUED": 6
      },
      "recent": [
        {
          "created_at": "2026-01-07T05:42:56.351776+00:00",
          "finished_at": null,
          "instrument": "",
          "job_id": "5a39db4b-9641-46cb-b271-910e5c4e617e",
          "links": {
            "artifacts_url": "/api/v1/jobs/5a39db4b-9641-46cb-b271-910e5c4e617e/artifacts",
            "report_url": null
          },
          "run_mode": "",
          "season": "",
          "status": "QUEUED",
          "strategy_name": "S1",
          "timeframe": ""
        },
        {
          "created_at": "2026-01-07T05:42:56.325239+00:00",
          "finished_at": null,
          "instrument": "",
          "job_id": "248e3fab-f389-4ab3-bd2a-7ad49f0694e0",
          "links": {
            "artifacts_url": "/api/v1/jobs/248e3fab-f389-4ab3-bd2a-7ad49f0694e0/artifacts",
            "report_url": null
          },
          "run_mode": "",
          "season": "",
          "status": "QUEUED",
          "strategy_name": "",
          "timeframe": ""
        },
        {
          "created_at": "2026-01-07T05:42:56.297618+00:00",
          "finished_at": null,
          "instrument": "",
          "job_id": "e25f6e52-95ed-4f29-a789-1c370cabb007",
          "links": {
            "artifacts_url": "/api/v1/jobs/e25f6e52-95ed-4f29-a789-1c370cabb007/artifacts",
            "report_url": null
          },
          "run_mode": "",
          "season": "",
          "status": "QUEUED",
          "strategy_name": "",
          "timeframe": ""
        },
        {
          "created_at": "2026-01-07T05:42:56.294227+00:00",
          "finished_at": null,
          "instrument": "",
          "job_id": "bacbadcc-30ec-4215-bf29-6b4892656f5f",
          "links": {
            "artifacts_url": "/api/v1/jobs/bacbadcc-30ec-4215-bf29-6b4892656f5f/artifacts",
            "report_url": null
          },
          "run_mode": "",
          "season": "",
          "status": "QUEUED",
          "strategy_name": "",
          "timeframe": ""
        },
        {
          "created_at": "2026-01-07T05:42:56.270908+00:00",
          "finished_at": null,
          "instrument": "",
          "job_id": "8babcf21-1a11-4c9e-8ff5-d7a28844e3ab",
          "links": {
            "artifacts_url": "/api/v1/jobs/8babcf21-1a11-4c9e-8ff5-d7a28844e3ab/artifacts",
            "report_url": null
          },
          "run_mode": "",
          "season": "",
          "status": "QUEUED",
          "strategy_name": "",
          "timeframe": ""
        },
        {
          "created_at": "2026-01-07T05:42:56.267825+00:00",
          "finished_at": null,
          "instrument": "",
          "job_id": "f9c17ec1-1e69-48ec-a6cd-1048bc8b0ab1",
          "links": {
            "artifacts_url": "/api/v1/jobs/f9c17ec1-1e69-48ec-a6cd-1048bc8b0ab1/artifacts",
            "report_url": null
          },
          "run_mode": "",
          "season": "",
          "status": "QUEUED",
          "strategy_name": "",
          "timeframe": ""
        }
      ]
    },
    "portfolios": {
      "recent": [
        {
          "admitted_count": 0,
          "created_at": "2026-01-07T05:42:55.965574+00:00",
          "links": {
            "artifacts_url": "/api/v1/portfolios/ee4fd5fa-cb32-464a-adc6-b1d3afc03f60/artifacts",
            "report_url": null
          },
          "portfolio_id": "ee4fd5fa-cb32-464a-adc6-b1d3afc03f60",
          "rejected_count": 0,
          "season": "",
          "timeframe": ""
        },
        {
          "admitted_count": 0,
          "created_at": "2026-01-07T05:42:55.961852+00:00",
          "links": {
            "artifacts_url": "/api/v1/portfolios/25f839ba-c987-45e5-9b87-0cd2e19ab628/artifacts",
            "report_url": null
          },
          "portfolio_id": "25f839ba-c987-45e5-9b87-0cd2e19ab628",
          "rejected_count": 0,
          "season": "",
          "timeframe": ""
        }
      ]
    },
    "version": "1.0"
  },
  "status": 200
}